Attachment_ID,Nomination_ID,Attachment_Type,Attachment_File,Attachment_MIME,Attachment_Datetime,Active
1,1,Applicant_Photograph,photo.jpg,image/jpeg,25:46.4,1
2,1,CertifyingResearchWork_Letter,shubham_certification.pdf,application/pdf,25:46.5,1
3,1,Justification_Letter,shubham_letter_of_nomination_sun_pharma.pdf,application/pdf,25:46.5,1
4,1,Upload1,cv_sunpharma.pdf,application/pdf,55:15.2,1
6,1,Upload2,manuscript_reduced_size_.pdf,application/pdf,50:32.7,1
7,1,Upload3,biochem.pdf,application/pdf,53:48.4,1
9,1,Upload3,cell_chemical_biology.pdf,application/pdf,09:43.9,1
10,1,Upload5,ethical_clearence_certificate.pdf,application/pdf,17:08.9,1
11,1,Upload6,no_conflict_of_interest.pdf,application/pdf,17:25.5,1
12,1,Upload7,brief_summary_of_research.pdf,application/pdf,17:45.3,1
13,1,Upload8,class_12th_memo.pdf,application/pdf,21:26.9,1
14,1,Upload9,singh_shubhamproof_of_age.pdf,application/pdf,22:46.3,1
15,1,Upload10,voluntary_declaration_.pdf,application/pdf,25:25.8,1
16,1,Upload4,scan_dbt.pdf,application/pdf,32:05.6,1
17,2,Applicant_Photograph,photo.jpg,image/jpeg,31:33.9,1
18,2,CertifyingResearchWork_Letter,resume.pdf,application/pdf,31:33.9,1
19,2,Justification_Letter,cover_letter.pdf,application/pdf,31:33.9,1
20,3,Applicant_Photograph,photo.jpg,image/jpeg,32:49.6,1
21,3,CertifyingResearchWork_Letter,resume.pdf,application/pdf,32:49.6,1
22,3,Justification_Letter,cover_letter.pdf,application/pdf,32:49.6,1
23,4,Applicant_Photograph,photo.jpg,image/jpeg,52:23.8,1
24,4,CertifyingResearchWork_Letter,undertaking_original_research_work.pdf,application/pdf,52:23.8,1
25,4,Justification_Letter,justification_letter_compressed.pdf,application/pdf,52:23.8,1
26,5,Applicant_Photograph,cv_photo.jpg,image/jpeg,09:47.0,1
27,5,CertifyingResearchWork_Letter,research_work_certification.pdf,application/pdf,09:47.0,1
28,5,Justification_Letter,justification_letter.pdf,application/pdf,09:47.0,1
35,6,Applicant_Photograph,vishal_photo.jpg,image/jpeg,50:26.9,1
36,6,CertifyingResearchWork_Letter,declaration.pdf,application/pdf,50:26.9,1
37,6,Justification_Letter,justification_letter.pdf,application/pdf,50:26.9,1
38,6,Upload1,1_vishal_resume.pdf,application/pdf,43:45.1,1
39,6,Upload3,publications_2.pdf,application/pdf,15:48.9,1
40,6,Upload6,non_conflict_of_interest.pdf,application/pdf,17:02.4,1
41,6,Upload8,hsc_marksheet.pdf,application/pdf,24:33.1,1
42,6,Upload5,ethical_clearance.pdf,application/pdf,28:32.9,1
43,6,Upload4,travel_award.pdf,application/pdf,32:02.8,1
44,6,Upload7,summary_of_work.pdf,application/pdf,33:33.6,1
45,6,Upload9,10th_board_certificate.pdf,application/pdf,47:49.0,1
46,6,Upload10,voluntary_declaration_by_candidate.pdf,application/pdf,49:44.0,1
47,6,Upload2,research_work.pdf,application/pdf,55:15.8,1
48,7,Applicant_Photograph,my_passport_photo.jpeg,image/jpeg,52:36.7,1
51,7,CertifyingResearchWork_Letter,letter_from_supervisor_sunpharma.pdf,application/pdf,54:30.6,1
52,7,Justification_Letter,justification_letter_from_supervisor.pdf,application/pdf,54:30.6,1
56,8,Applicant_Photograph,sarita_photo.jpg,image/jpeg,09:34.6,1
57,8,CertifyingResearchWork_Letter,certificate_of_completion.pdf,application/pdf,09:34.6,1
58,8,Justification_Letter,letter_of_justifications.pdf,application/pdf,09:34.6,1
59,8,Upload1,cv_sarita_rani_22_08_2021.pdf,application/pdf,42:01.9,1
60,8,Upload2,project_sunpharma.pdf,application/pdf,42:53.1,1
61,8,Upload3,publications_list.pdf,application/pdf,43:07.1,1
62,8,Upload4,awards_and_scholarships_revised.pdf,application/pdf,43:15.7,1
63,8,Upload5,ethical_clearance.pdf,application/pdf,43:25.8,1
64,8,Upload6,non_conflict_of_interest.pdf,application/pdf,43:39.0,1
65,8,Upload7,citations_revised.pdf,application/pdf,43:49.4,1
66,8,Upload8,12th.pdf,application/pdf,44:00.9,1
67,8,Upload9,10th.pdf,application/pdf,44:18.1,1
68,8,Upload10,voluntary_statement.pdf,application/pdf,44:28.6,1
70,9,Applicant_Photograph,photo2.jpg,image/jpeg,24:32.5,1
71,9,CertifyingResearchWork_Letter,certificate_1.pdf,application/pdf,24:32.5,1
72,9,Justification_Letter,justification.pdf,application/pdf,24:32.5,1
73,10,Applicant_Photograph,image.png,image/png,14:38.0,1
74,10,CertifyingResearchWork_Letter,sa_eligibility__nomination_procedure.pdf,application/pdf,14:38.0,1
75,10,Justification_Letter,sa_eligibility__nomination_procedure.pdf,application/pdf,14:38.0,1
90,11,Justification_Letter,xml.pdf,application/pdf,32:03.4,1
91,11,Applicant_Photograph,first.png,image/png,33:59.3,1
92,11,CertifyingResearchWork_Letter,sa_eligibility__nomination_procedure.pdf,application/pdf,33:59.3,1
93,9,Upload1,cv_dr_nilabja_roy_chowdhury.pdf,application/pdf,16:29.0,1
94,12,Applicant_Photograph,scanned_photo.jpg,image/jpeg,51:32.3,1
95,12,CertifyingResearchWork_Letter,letter_from_supervisor.pdf,application/pdf,51:32.3,1
96,12,Justification_Letter,justification_letter.pdf,application/pdf,51:32.3,1
100,12,Upload1,cv_harman_2021.pdf,application/pdf,17:19.5,1
101,12,Upload2,research_summary_harman.pdf,application/pdf,18:01.2,1
102,12,Upload4,award_letters_merits_merged.pdf,application/pdf,47:58.6,1
103,12,Upload5,harman_ethical_clearance.pdf,application/pdf,48:42.6,1
104,12,Upload6,no_conflict_of_i.pdf,application/pdf,49:12.3,1
105,12,Upload7,citation_from_supervisor.pdf,application/pdf,49:40.7,1
106,12,Upload8,12th_dmc.pdf,application/pdf,50:53.9,1
107,12,Upload9,age_proof.pdf,application/pdf,52:00.9,1
108,12,Upload10,voluntary_declaration.pdf,application/pdf,53:32.0,1
109,12,Upload3,merged_publications_compressed_1_compressed.pdf,application/pdf,22:12.7,1
111,13,Applicant_Photograph,pic.jpg,image/jpeg,24:21.7,1
112,13,CertifyingResearchWork_Letter,nazia_sun_pharma_document_1_work_done.pdf,application/pdf,24:21.7,1
113,13,Justification_Letter,nazia_sun_pharma_document_2_justification_letter.pdf,application/pdf,24:21.7,1
114,14,Applicant_Photograph,acharya_sundaram.jpg,image/jpeg,36:30.2,1
115,14,CertifyingResearchWork_Letter,letter_from_the_supervisor__sundaram.pdf,application/pdf,36:30.2,1
116,14,Justification_Letter,justification_letter_sundaram.pdf,application/pdf,36:30.2,1
117,15,Applicant_Photograph,pic.jpg,image/jpeg,39:17.4,1
118,15,CertifyingResearchWork_Letter,nazia_sun_pharma_document_1_work_done.pdf,application/pdf,39:17.4,1
119,15,Justification_Letter,nazia_sun_pharma_document_2_justification_letter.pdf,application/pdf,39:17.4,1
120,16,Applicant_Photograph,aniket_photo.jpg,image/jpeg,31:21.0,1
121,16,CertifyingResearchWork_Letter,originality_of_work.pdf,application/pdf,31:21.0,1
122,16,Justification_Letter,new_director_nomination.pdf,application/pdf,31:21.0,1
126,17,Applicant_Photograph,download.jpg,image/jpeg,34:18.1,1
127,17,CertifyingResearchWork_Letter,word_1.pdf,application/pdf,34:18.1,1
128,17,Justification_Letter,word_2.pdf,application/pdf,34:18.1,1
129,18,Applicant_Photograph,download.jpg,image/jpeg,37:02.9,1
130,18,CertifyingResearchWork_Letter,word_1.pdf,application/pdf,37:03.0,1
131,18,Justification_Letter,word_2.pdf,application/pdf,37:03.0,1
132,19,Applicant_Photograph,scan_21_sep_2021_1.jpg,image/jpeg,50:32.0,1
133,19,CertifyingResearchWork_Letter,certifying_letter_converted.pdf,application/pdf,50:32.0,1
134,19,Justification_Letter,new_justification_letter_converted.pdf,application/pdf,50:32.0,1
135,20,Applicant_Photograph,scan_21_sep_2021_1.jpg,image/jpeg,58:27.0,1
136,20,CertifyingResearchWork_Letter,certifying_letter_converted.pdf,application/pdf,58:27.0,1
137,20,Justification_Letter,new_justification_letter_converted.pdf,application/pdf,58:27.0,1
138,21,Applicant_Photograph,20190821225520204.jpg,image/jpeg,13:50.5,1
141,21,CertifyingResearchWork_Letter,justification_letter.pdf,application/pdf,15:14.4,1
142,21,Justification_Letter,nomination_letter_compressed.pdf,application/pdf,15:14.4,1
143,22,Applicant_Photograph,capture.png,image/png,25:18.0,1
144,22,CertifyingResearchWork_Letter,manual_1_0_0.pdf,application/pdf,25:18.0,1
145,22,Justification_Letter,lunelle_crystals_for_contraceptives.pdf,application/pdf,25:18.0,1
146,21,Upload3,list_of_publications.pdf,application/pdf,17:11.1,1
147,21,Upload3,zbc9416_compressed.pdf,application/pdf,17:55.6,1
148,21,Upload3,proofs_mol_cell_compressed_1.pdf,application/pdf,18:12.1,1
149,21,Upload1,cv_shubhi_pandey.pdf,application/pdf,18:25.9,1
150,21,Upload2,researchsummary_sunpharma.pdf,application/pdf,18:38.6,1
151,21,Upload5,ethical_clearance.pdf,application/pdf,25:13.2,1
153,23,Applicant_Photograph,photo.jpg,image/jpeg,56:25.2,1
154,23,CertifyingResearchWork_Letter,certificate.pdf,application/pdf,56:25.3,1
155,23,Justification_Letter,nomination_letter.pdf,application/pdf,56:25.3,1
156,15,Upload1,nazia_cv.docx,application/vnd.openxmlformats-officedocument.wordprocessingml.document,35:03.5,1
157,15,Upload2,details_of_the_research_work_pdf_24_9_2021.pdf,application/pdf,40:00.2,1
160,15,Upload3,ecr_lcn2_sb_nc_compressed.pdf,application/pdf,53:58.2,1
161,15,Upload3,ijc_nazia_paper_compressed_compressed_2.pdf,application/pdf,04:01.0,1
162,15,Upload3,publications.docx,application/vnd.openxmlformats-officedocument.wordprocessingml.document,13:40.9,1
164,15,Upload4,awards_scholarship__and_honors.docx,application/vnd.openxmlformats-officedocument.wordprocessingml.document,17:14.1,1
165,15,Upload5,nazia_sun_pharma_document_3_ethical_clearance.pdf,application/pdf,17:31.9,1
166,15,Upload6,nazia_sun_pharma_document_4_no_conflict_of_interest.pdf,application/pdf,17:48.7,1
167,15,Upload7,nazia_sun_pharma_document_5.pdf,application/pdf,19:25.5,1
168,15,Upload8,12_std_marsheet0001_compressed.pdf,application/pdf,26:24.1,1
169,15,Upload8,tybsc_final_marksheet0001_compressed.pdf,application/pdf,28:41.3,1
170,15,Upload8,msc_marksheet_consolidated0001_compressed.pdf,application/pdf,29:00.9,1
171,15,Upload9,birth_certificate0001_compressed.pdf,application/pdf,31:12.7,1
172,15,Upload10,declaration.docx,application/vnd.openxmlformats-officedocument.wordprocessingml.document,33:10.1,1
173,21,Upload7,citation.pdf,application/pdf,33:00.8,1
174,21,Upload8,12th_marksheet0001_compressed.pdf,application/pdf,35:11.4,1
175,21,Upload6,noc.pdf,application/pdf,35:35.3,1
176,21,Upload9,high_school_certificate0001_compressed.pdf,application/pdf,37:32.2,1
177,21,Upload10,declaration_letter.pdf,application/pdf,37:54.3,1
178,21,Upload4,gate_scorecard0001_compressed.pdf,application/pdf,38:48.1,1
179,21,Upload4,certificate_of_merit0001.pdf,application/pdf,40:39.7,1
183,24,Applicant_Photograph,photo.jpg,image/jpeg,18:57.0,1
184,24,CertifyingResearchWork_Letter,letter_from_supervisor.pdf,application/pdf,18:57.0,1
185,24,Justification_Letter,justification_letter.pdf,application/pdf,18:57.0,1
186,24,Upload1,sanketa_raut_cv.pdf,application/pdf,09:09.9,1
189,24,Upload3,raut_et_al_2020.pdf,application/pdf,18:31.7,1
190,24,Upload3,raut_et_al_2021.pdf,application/pdf,20:56.3,1
191,24,Upload5,ethical_clearance_letter.pdf,application/pdf,22:30.4,1
192,24,Upload6,conflict_of_interest.pdf,application/pdf,22:54.5,1
193,24,Upload8,hsc.pdf,application/pdf,32:44.0,1
194,24,Upload9,pan_card.pdf,application/pdf,33:27.4,1
195,25,Applicant_Photograph,pinal_chaudhari_photo_min_min_1_1_1.jpg,image/jpeg,28:51.2,1
196,25,CertifyingResearchWork_Letter,superviosor_letter.pdf,application/pdf,28:51.2,1
197,25,Justification_Letter,justification_letter_compressed.pdf,application/pdf,28:51.2,1
198,23,Upload5,ethical_clearance.pdf,application/pdf,58:56.4,1
199,23,Upload6,conflict_of_interest.pdf,application/pdf,00:26.4,1
200,23,Upload1,cv_ditsa_sarkar.pdf,application/pdf,30:43.1,1
202,23,Upload9,age_proof.pdf,application/pdf,51:28.3,1
203,23,Upload4,merits_awards_and_scholarships.pdf,application/pdf,24:24.5,1
205,23,Upload3,bcj_2021_478_871_894_compressed.pdf,application/pdf,43:23.2,1
206,23,Upload8,class_xii_testimonial.pdf,application/pdf,39:18.0,1
207,26,Applicant_Photograph,photo_saket_3.jpg,image/jpeg,56:35.4,1
208,26,CertifyingResearchWork_Letter,statement_of_original_work.pdf,application/pdf,56:35.4,1
209,26,Justification_Letter,nomination_for_sun_pharma_research_scholar_award_2021_saket_mishra.pdf,application/pdf,56:35.4,1
210,27,Applicant_Photograph,12.3kb.jpg,image/jpeg,56:19.2,1
211,27,CertifyingResearchWork_Letter,urbi_reference_letter_ranbaxy_scholar_2021_1.pdf,application/pdf,56:19.2,1
212,27,Justification_Letter,urbi_roy_nomination_letter.pdf,application/pdf,56:19.2,1
215,28,Applicant_Photograph,photo_pinal_1.jpg,image/jpeg,30:27.3,1
218,28,CertifyingResearchWork_Letter,superviosor_letter.pdf,application/pdf,39:46.4,1
219,28,Justification_Letter,justification_letter_final.pdf,application/pdf,39:46.4,1
223,30,Applicant_Photograph,img_20210903_wa0001.jpg,image/jpeg,50:10.9,1
224,30,CertifyingResearchWork_Letter,justification_letter.pdf,application/pdf,50:10.9,1
225,30,Justification_Letter,nomination_letter.pdf,application/pdf,50:10.9,1
226,29,Applicant_Photograph,photograph.jpg,image/jpeg,01:37.7,1
227,29,CertifyingResearchWork_Letter,letter_from_supervisor.pdf,application/pdf,01:37.7,1
228,29,Justification_Letter,nomination_from_supervisor.pdf,application/pdf,01:37.7,1
229,31,Applicant_Photograph,img_20210903_wa0001.jpg,image/jpeg,12:09.2,1
230,31,CertifyingResearchWork_Letter,justification_letter.pdf,application/pdf,12:09.3,1
231,31,Justification_Letter,nomination_letter.pdf,application/pdf,12:09.3,1
232,26,Upload1,cv_saket.pdf,application/pdf,43:13.5,1
233,24,Upload7,research_summary.pdf,application/pdf,04:11.5,1
234,24,Upload10,delaration.pdf,application/pdf,04:30.6,1
235,24,Upload2,project_details.pdf,application/pdf,51:07.7,1
236,32,Applicant_Photograph,img_20210927_183730.jpg,image/jpeg,52:36.6,1
237,32,CertifyingResearchWork_Letter,supervisor_certificate.pdf,application/pdf,52:36.6,1
238,32,Justification_Letter,nominator_certificate.pdf,application/pdf,52:36.6,1
239,5,Upload1,l_gowtham_cv_2021.pdf,application/pdf,45:52.7,1
243,7,Upload2,neuroprotective_effect_of_trehalose_and_sodium_butyrate_on_preformed_fibrillar_form_of_alpha.pdf,application/pdf,04:43.5,1
244,7,Upload3,compressed_trehalose_and_sodium_butyrate.pdf,application/pdf,15:31.0,1
245,7,Upload3,compressed_fgf21_and_autophagy.pdf,application/pdf,15:44.2,1
246,7,Upload8,hs.pdf,application/pdf,22:26.9,1
247,7,Upload10,voluntary_declaration.pdf,application/pdf,26:00.4,1
248,7,Upload4,certificate_of_merit_pdf.pdf,application/pdf,36:15.3,1
249,7,Upload5,ethical_clearance_letter_compressed.pdf,application/pdf,43:46.9,1
251,14,Upload6,no_conflict_of_interest_sunpharma.pdf,application/pdf,47:44.8,1
252,7,Upload6,non_compressed.pdf,application/pdf,49:01.5,1
253,14,Upload7,citation_sunpharm.pdf,application/pdf,49:47.2,1
254,7,Upload7,summary.pdf,application/pdf,54:29.6,1
255,14,Upload4,merit_statement_sunpharma.pdf,application/pdf,56:04.0,1
256,14,Upload5,ethical_clearance_sunpaharma.pdf,application/pdf,56:24.8,1
257,7,Upload9,adhar.pdf,application/pdf,03:58.2,1
258,14,Upload3,pnas_fncas9_compressed.pdf,application/pdf,09:43.5,1
259,14,Upload3,elife_67130_v2_1_compressed.pdf,application/pdf,11:52.8,1
260,14,Upload2,sunpharma_details_of_work_1.pdf,application/pdf,17:33.7,1
261,7,Upload1,curriculum_vitae_violina.pdf,application/pdf,24:15.3,1
262,14,Upload9,age_proof.pdf,application/pdf,04:59.1,1
263,14,Upload8,class12.pdf,application/pdf,07:51.4,1
264,14,Upload10,voluntary_declaration_sunpharma.pdf,application/pdf,12:43.3,1
265,33,Applicant_Photograph,12.3kb.jpg,image/jpeg,36:26.0,1
266,33,CertifyingResearchWork_Letter,urbi_reference_letter_ranbaxy_scholar_2021_1.pdf,application/pdf,36:26.0,1
267,33,Justification_Letter,urbi_roy_nomination_letter.pdf,application/pdf,36:26.0,1
268,34,Applicant_Photograph,swati_photo.jpg,image/jpeg,38:26.0,1
269,34,CertifyingResearchWork_Letter,nomination_letter.pdf,application/pdf,38:26.0,1
270,34,Justification_Letter,justification_for_nomination.pdf,application/pdf,38:26.0,1
271,14,Upload1,cv_sundaram_2021.pdf,application/pdf,32:51.5,1
272,24,Upload4,certificate_poster.pdf,application/pdf,03:36.0,1
273,24,Upload4,ngbt_mail.pdf,application/pdf,05:58.2,1
274,24,Upload4,ltmt_award_letter.pdf,application/pdf,07:44.4,1
275,5,Upload2,project_sun_pharm_enclosure.pdf,application/pdf,07:22.2,1
276,5,Upload3,publications.pdf,application/pdf,07:26.7,1
279,5,Upload8,12_th_compressed.pdf,application/pdf,46:11.4,1
281,5,Upload4,merits.pdf,application/pdf,51:17.1,1
285,35,Applicant_Photograph,photo.jpg,image/jpeg,51:57.1,1
286,35,CertifyingResearchWork_Letter,certificate_sunpharma.pdf,application/pdf,51:57.1,1
287,35,Justification_Letter,justification_letter.pdf,application/pdf,51:57.1,1
288,5,Upload9,birth_certifi_001_compressed.pdf,application/pdf,52:46.7,1
290,35,Upload3,polymer_protein_hybrid_network_involving_mucin__a_mineralized_biomimetic_template_for_bone_tissue_engineering.pdf,application/pdf,04:28.4,1
291,23,Upload2,detailes_of_research_work.pdf,application/pdf,39:47.0,1
292,23,Upload7,citation.pdf,application/pdf,40:08.2,1
293,23,Upload10,declaration.pdf,application/pdf,40:57.6,1
294,36,Applicant_Photograph,aishwarya.jpg,image/jpeg,10:44.8,1
297,36,CertifyingResearchWork_Letter,letter_from_nominator_1_work_done_by_applicant_itself.pdf,application/pdf,12:53.3,1
298,36,Justification_Letter,letter_from_nominator_2_justification_for_sponsoring_the_nominatio.pdf,application/pdf,12:53.3,1
299,37,Applicant_Photograph,12.3kb.jpg,image/jpeg,41:43.9,1
300,37,CertifyingResearchWork_Letter,urbi_reference_letter_ranbaxy_scholar_2021_1.pdf,application/pdf,41:43.9,1
301,37,Justification_Letter,urbi_roy_nomination_letter.pdf,application/pdf,41:43.9,1
302,38,Applicant_Photograph,ameya_dravid_image.jpg,image/jpeg,59:00.8,1
303,38,CertifyingResearchWork_Letter,ameya_certification_for_the_work.pdf,application/pdf,59:00.9,1
304,38,Justification_Letter,ameya_justification_for_sun_pharma_award.pdf,application/pdf,59:00.9,1
305,39,Applicant_Photograph,nsa161_1.jpg,image/jpeg,06:56.3,1
306,39,CertifyingResearchWork_Letter,letter_from_supervisor_1.pdf,application/pdf,06:56.3,1
307,39,Justification_Letter,justification_letter_for_sponsoring_compressed.pdf,application/pdf,06:56.3,1
308,31,Upload3,list_of_publication.docx,application/vnd.openxmlformats-officedocument.wordprocessingml.document,43:30.1,1
309,31,Upload3,ijsrdv3i80063.pdf,application/pdf,47:23.8,1
310,31,Upload1,shruti_cv.pdf,application/pdf,48:01.4,1
312,40,Applicant_Photograph,nsa161_1.jpg,image/jpeg,01:39.0,1
313,40,CertifyingResearchWork_Letter,letter_from_supervisor_1.pdf,application/pdf,01:39.0,1
314,40,Justification_Letter,justification_letter_for_sponsoring_compressed.pdf,application/pdf,01:39.0,1
315,31,Upload7,brief_summary.docx,application/vnd.openxmlformats-officedocument.wordprocessingml.document,18:06.1,1
317,31,Upload6,conflit_of_interest_2.pdf,application/pdf,46:05.7,1
319,31,Upload3,shruti_manuscript.docx,application/vnd.openxmlformats-officedocument.wordprocessingml.document,59:16.7,1
320,5,Upload10,volentary_declaration.pdf,application/pdf,29:41.2,1
323,5,Upload7,summary_sun_awards.pdf,application/pdf,37:27.0,1
324,5,Upload6,no_conflict_of_interest.pdf,application/pdf,37:51.1,1
325,5,Upload5,ethics_approval.pdf,application/pdf,41:42.1,1
326,26,Upload2,work_summary.pdf,application/pdf,36:26.9,1
327,26,Upload3,list_of_publications.pdf,application/pdf,44:52.1,1
328,26,Upload3,jcs253203.pdf,application/pdf,45:12.3,1
329,26,Upload3,salunkhe2020.pdf,application/pdf,45:29.6,1
330,26,Upload5,ethical_clearance.pdf,application/pdf,48:06.6,1
331,26,Upload6,no_coi_0002.pdf,application/pdf,51:24.2,1
332,16,Upload4,csir_jrf.pdf,application/pdf,51:30.4,1
333,16,Upload4,dbt_jrf.pdf,application/pdf,52:41.2,1
334,16,Upload4,icmr_jrf_certi.pdf,application/pdf,53:05.8,1
335,16,Upload4,gate_2014.pdf,application/pdf,53:18.4,1
336,16,Upload3,patankar_et_al_2021.pdf,application/pdf,53:43.1,1
337,16,Upload1,aniket_biodata.pdf,application/pdf,53:58.4,1
338,16,Upload2,final_research_work.pdf,application/pdf,54:14.8,1
339,16,Upload5,final_ethical_clearance_declaration.pdf,application/pdf,57:42.8,1
340,16,Upload6,final_no_conflict_of_interest_certificate.pdf,application/pdf,58:06.1,1
341,16,Upload7,brief_summary_of_research_work.pdf,application/pdf,00:15.6,1
342,16,Upload8,final_hsc_marksheet.pdf,application/pdf,08:22.3,1
343,26,Upload7,abstract_saket_signed.pdf,application/pdf,09:09.8,1
344,16,Upload9,birth_certificate_compressed.pdf,application/pdf,10:23.5,1
345,16,Upload10,declaration_to_work_in_research_org.pdf,application/pdf,11:12.3,1
346,16,Upload3,chapter_17.pdf,application/pdf,16:22.4,1
347,26,Upload8,aggregate_marks.pdf,application/pdf,19:49.3,1
348,16,Upload4,oral_prize_certificate_nrsm_2019.pdf,application/pdf,23:06.5,1
349,26,Upload9,birth_certificate.pdf,application/pdf,24:42.4,1
350,26,Upload10,declaration.pdf,application/pdf,25:01.4,1
354,26,Upload4,dbt_award_letter.pdf,application/pdf,41:11.0,1
355,26,Upload4,gmail_fw_grc_carl_storm_international_diversity_award.pdf,application/pdf,42:17.2,1
356,26,Upload4,gmail_fw_ctg_dmm2102513.pdf,application/pdf,42:26.9,1
357,26,Upload4,20201210_certificate_nrsm2020_oral_presentors_part4.pdf,application/pdf,43:32.1,1
358,26,Upload4,mbiotech_fellowship.pdf,application/pdf,45:38.9,1
359,41,Applicant_Photograph,img_20210702_151846.jpg,image/jpeg,42:41.7,1
360,41,CertifyingResearchWork_Letter,applicant.pdf,application/pdf,42:41.7,1
361,41,Justification_Letter,recommendation.pdf,application/pdf,42:41.7,1
363,42,Applicant_Photograph,nsa161_1.jpg,image/jpeg,29:01.7,1
364,42,CertifyingResearchWork_Letter,letter_from_supervisor_1.pdf,application/pdf,29:01.7,1
365,42,Justification_Letter,justification_letter_for_sponsoring_compressed.pdf,application/pdf,29:01.7,1
366,36,Upload1,cv_aishwarya_raj.pdf,application/pdf,04:18.8,1
367,36,Upload8,12th_std_compressed_compressed.pdf,application/pdf,15:03.5,1
368,43,Applicant_Photograph,divya.jpg,image/jpeg,23:45.5,1
369,43,CertifyingResearchWork_Letter,letter_from_supervisor.pdf,application/pdf,23:45.5,1
370,43,Justification_Letter,justification_letter_divya.pdf,application/pdf,23:45.6,1
371,36,Upload9,10th_std_compressed_compressed_compressed.pdf,application/pdf,27:44.1,1
372,31,Upload2,details_of_research_work.docx,application/vnd.openxmlformats-officedocument.wordprocessingml.document,45:30.0,1
373,31,Upload4,letter_of_scholarship.pdf,application/pdf,50:30.2,1
374,31,Upload10,declaretion.pdf,application/pdf,56:03.7,1
375,44,Applicant_Photograph,nsa161_1.jpg,image/jpeg,57:17.8,1
376,44,CertifyingResearchWork_Letter,letter_from_supervisor_1.pdf,application/pdf,57:17.8,1
377,44,Justification_Letter,justification_letter_for_sponsoring_compressed.pdf,application/pdf,57:17.8,1
378,31,Upload8,12th_marksheet_compressed_compressed_1.pdf,application/pdf,08:01.1,1
379,20,Upload1,resume_27_09_2021_converted.pdf,application/pdf,10:21.4,1
381,31,Upload9,birth_certificate.pdf,application/pdf,17:53.0,1
382,31,Upload9,birthdate_proof.pdf,application/pdf,18:44.0,1
383,31,Upload5,ethical_clearance.docx,application/vnd.openxmlformats-officedocument.wordprocessingml.document,29:01.0,1
384,20,Upload3,saptadipa_daisy__joseph_and_mala_mjumdar_environmental_science_and_pollution_research_compressed.pdf,application/pdf,29:30.5,1
385,20,Upload3,ms_ijbpas_2021_5596_compressed.pdf,application/pdf,32:27.7,1
386,20,Upload4,statement_of_merits_converted.pdf,application/pdf,46:42.6,1
387,45,Applicant_Photograph,photo.jpg,image/jpeg,47:01.2,1
388,45,CertifyingResearchWork_Letter,certificate_sunpharma.pdf,application/pdf,47:01.2,1
389,45,Justification_Letter,justification_letter.pdf,application/pdf,47:01.2,1
390,41,Upload1,desy_t_m_cv.pdf,application/pdf,50:53.4,1
391,41,Upload2,research_leptin_receptor.docx,application/vnd.openxmlformats-officedocument.wordprocessingml.document,51:44.5,1
392,32,Upload2,research_excellence.pdf,application/pdf,56:34.6,1
393,20,Upload5,ethical_clearance_letter.pdf,application/pdf,57:17.8,1
394,32,Upload1,cv_rubiya.pdf,application/pdf,58:23.3,1
395,32,Upload3,list_of_publications.pdf,application/pdf,58:41.3,1
396,20,Upload6,conflict_of_interest.pdf,application/pdf,01:03.2,1
397,32,Upload9,dob.pdf,application/pdf,02:15.9,1
398,20,Upload7,summary_final.pdf,application/pdf,07:49.3,1
399,32,Upload8,12th_marks_card_compressed.pdf,application/pdf,10:11.9,1
401,32,Upload10,declaration.pdf,application/pdf,10:53.8,1
402,32,Upload7,brief_summary_compressed.pdf,application/pdf,11:29.7,1
403,32,Upload6,conflict_of_interest_.pdf,application/pdf,12:09.3,1
404,46,Applicant_Photograph,ganesh_barkade_passport_photo.jpg,image/jpeg,12:49.6,1
405,46,CertifyingResearchWork_Letter,letter_of_supervisor.pdf,application/pdf,12:49.6,1
406,46,Justification_Letter,justification_letter.pdf,application/pdf,12:49.6,1
407,32,Upload4,list_of_awards_and_scholarship.pdf,application/pdf,13:35.4,1
408,20,Upload2,new_full_with_12_point_27_09_2021_converted_1.pdf,application/pdf,17:40.7,1
409,20,Upload8,scan_30_sep_2021_compressed.pdf,application/pdf,17:58.0,1
410,35,Upload1,cv_21_09_2021.pdf,application/pdf,18:47.7,1
411,32,Upload5,ethical_clearance_compressed.pdf,application/pdf,18:57.5,1
412,35,Upload2,sun_phrama_writeup_debya.pdf,application/pdf,19:16.4,1
413,32,Upload3,publication_1_compressed.pdf,application/pdf,20:43.4,1
414,35,Upload3,nanoclay_paper_compressed.pdf,application/pdf,21:45.4,1
415,35,Upload4,inspirefellowshipawardofferletter_1.pdf,application/pdf,22:24.3,1
416,35,Upload5,ethical_clearance_2021.pdf,application/pdf,22:38.9,1
417,35,Upload6,no_conflict_of_interest_sunpharma_2021.pdf,application/pdf,22:55.9,1
418,35,Upload7,citation_summary.pdf,application/pdf,23:06.4,1
419,35,Upload8,12_mark.pdf,application/pdf,23:19.8,1
420,35,Upload9,10th_cert.pdf,application/pdf,23:35.4,1
421,20,Upload9,birth_certificate_compressed.pdf,application/pdf,23:56.5,1
422,35,Upload10,declaration_for_sun_pharma_science_foundation_science_scholar_award.pdf,application/pdf,24:23.3,1
423,20,Upload10,voluntary_declaration.pdf,application/pdf,24:46.4,1
424,32,Upload3,publication_2_compressed.pdf,application/pdf,24:51.0,1
425,44,Upload1,namrata_shukla_resume_2021.pdf,application/pdf,21:14.5,1
426,44,Upload2,details_of_project_work.pdf,application/pdf,21:27.4,1
427,46,Upload1,cv_mr_ganesh_barkade.docx,application/vnd.openxmlformats-officedocument.wordprocessingml.document,23:02.7,1
429,46,Upload4,additional_information.docx,application/vnd.openxmlformats-officedocument.wordprocessingml.document,23:36.5,1
431,44,Upload4,statement_og_awards_previously_received.pdf,application/pdf,33:32.2,1
436,44,Upload6,conflict_of_interest_combined_compressed_compressed_1.pdf,application/pdf,59:01.6,1
438,44,Upload3,list_of_publications.pdf,application/pdf,59:26.4,1
444,44,Upload5,ethical_clearance_for_project_compressed.pdf,application/pdf,05:56.8,1
445,44,Upload9,age_proof_10th_certificate.pdf,application/pdf,06:22.1,1
446,44,Upload10,declaration_to_work_in_academia_or_research_compressed.pdf,application/pdf,06:43.5,1
456,44,Upload7,summary_of_the_work.pdf,application/pdf,25:23.0,1
458,47,Applicant_Photograph,scan_pic.jpg,image/jpeg,35:30.9,1
459,47,CertifyingResearchWork_Letter,spa_c2.pdf,application/pdf,35:31.0,1
460,47,Justification_Letter,spa_c1.pdf,application/pdf,35:31.0,1
461,48,Applicant_Photograph,rahul_photos.jpg,image/jpeg,09:16.4,1
462,48,CertifyingResearchWork_Letter,certification_of_the_research_rahul.pdf,application/pdf,09:16.4,1
463,48,Justification_Letter,nomination_letter_rahul_sharma.pdf,application/pdf,09:16.4,1
464,41,Upload3,1312_4541_2_pb.pdf,application/pdf,32:25.8,1
466,41,Upload3,phol_2021_2_a121_nafeesath.pdf,application/pdf,34:56.5,1
467,41,Upload4,ibro_travel_grants_official_letter_tm_1.pdf,application/pdf,42:20.7,1
468,41,Upload5,ethics_approval.pdf,application/pdf,42:36.0,1
469,49,Applicant_Photograph,img_20210930_164149_01.jpg,image/jpeg,44:13.9,1
470,49,CertifyingResearchWork_Letter,work_done.pdf,application/pdf,44:13.9,1
471,49,Justification_Letter,sponsor.pdf,application/pdf,44:13.9,1
472,41,Upload5,ethical_clearance_lep.pdf,application/pdf,44:38.3,1
473,41,Upload7,abstract_lepr.pdf,application/pdf,45:16.3,1
474,41,Upload6,no_conflict_of_interest.pdf,application/pdf,46:09.4,1
478,50,Applicant_Photograph,rahul_photos.jpg,image/jpeg,50:07.3,1
479,50,CertifyingResearchWork_Letter,certification_of_the_research_rahul_sharma.pdf,application/pdf,50:07.3,1
480,50,Justification_Letter,nomination_letter_rahul_sharma.pdf,application/pdf,50:07.3,1
481,41,Upload8,12th_mark_card.pdf,application/pdf,56:40.8,1
482,41,Upload9,sslc_certificate.pdf,application/pdf,57:03.8,1
483,41,Upload10,declaration.pdf,application/pdf,58:42.4,1
484,36,Upload5,ethics.pdf,application/pdf,07:00.6,1
485,36,Upload6,conflict_of_interest.pdf,application/pdf,07:16.9,1
486,36,Upload10,voluntary_declaration.pdf,application/pdf,07:54.9,1
487,36,Upload3,publications.pdf,application/pdf,18:55.5,1
488,36,Upload4,scholarship.pdf,application/pdf,25:45.5,1
489,36,Upload2,research_work_compressed_compressed.pdf,application/pdf,47:34.2,1
490,36,Upload7,summary.pdf,application/pdf,27:31.3,1
495,49,Upload1,pranay_dey_cv.pdf,application/pdf,06:05.7,1
497,49,Upload5,ethical_clearance_compressed.pdf,application/pdf,06:22.7,1
498,49,Upload6,conflict_of_interest_compressed.pdf,application/pdf,06:38.6,1
499,49,Upload7,brief_summary_compressed.pdf,application/pdf,06:57.3,1
500,38,Upload5,ethical_treatment_of_animals_ameya_dravid.pdf,application/pdf,09:25.2,1
501,38,Upload6,conflict_of_interest_declaration_ameya_dravid.pdf,application/pdf,09:37.5,1
502,38,Upload2,details_of_work_conducted_ameya_dravid.pdf,application/pdf,09:51.6,1
503,38,Upload10,continuing_work_in_research_institution_declaration_ameya_dravid.pdf,application/pdf,13:43.0,1
504,49,Upload10,voluntary_decleration_compressed.pdf,application/pdf,26:03.5,1
505,49,Upload3,review_article_compressed.pdf,application/pdf,35:00.6,1
506,49,Upload3,acs_omega_paper_compressed.pdf,application/pdf,36:45.2,1
507,49,Upload4,joint_csir_ugc_result_for_june_17.pdf,application/pdf,38:58.0,1
509,51,Applicant_Photograph,img_20210817_102357004_processed.jpg,image/jpeg,00:02.0,1
510,51,CertifyingResearchWork_Letter,letter_from_the_supervisor_nominator.pdf,application/pdf,00:02.0,1
511,51,Justification_Letter,justification_letter_from_the_nominator.pdf,application/pdf,00:02.1,1
512,48,Upload4,awards_rahul_sharma.pdf,application/pdf,05:09.0,1
513,49,Upload8,12th_marks_compressed.pdf,application/pdf,25:28.7,1
514,49,Upload9,age_proof_compressed.pdf,application/pdf,26:07.3,1
515,48,Upload3,publication_list_rahul_sharma.pdf,application/pdf,28:17.4,1
517,48,Upload1,curriculum_vitae_rahul_sharma_iisertvm_sun_pharma.pdf,application/pdf,31:27.0,1
518,48,Upload2,research_project_rahul_sharma.pdf,application/pdf,31:40.5,1
519,48,Upload5,ethical_clearance_for_the_research_rahul_sharma.pdf,application/pdf,32:45.7,1
520,48,Upload6,no_conflict_of_interest_declration_rahul_sharma.pdf,application/pdf,33:00.3,1
521,48,Upload7,citation_rahul_sharma.pdf,application/pdf,33:14.2,1
523,38,Upload9,birth_certificate_ameya_dravid.pdf,application/pdf,37:53.4,1
524,48,Upload10,voluntary_declaration.pdf,application/pdf,39:52.5,1
525,48,Upload9,age_proof.pdf,application/pdf,42:48.8,1
526,48,Upload8,pcb_marks_class_12_rahul_sharma.pdf,application/pdf,43:07.7,1
527,38,Upload4,declaration_of_awards_ameya_dravid.pdf,application/pdf,49:09.7,1
528,38,Upload3,list_of_publications_ameya_dravid.pdf,application/pdf,56:58.4,1
529,38,Upload3,rvd1_for_oa_accepted_manuscript.pdf,application/pdf,07:23.1,1
530,38,Upload3,gene_therapy_as_a_potential_tool_for_treating_neuroblastoma_a_focused_review_published_copy.pdf,application/pdf,09:18.2,1
531,38,Upload8,btech_marksheet.pdf,application/pdf,36:14.0,1
532,49,Upload2,sun_pharma_write_up_final_compressed.pdf,application/pdf,37:53.0,1
534,34,Upload3,chitosan_chondroitin_sulfate_based_polyelectrolyte_complex_compressed.pdf,application/pdf,15:09.1,1
535,34,Upload1,cv-swati.pdf,application/pdf,16:39.6,1
536,34,Upload2,project_draft.pdf,application/pdf,17:30.3,1
537,34,Upload8,12.pdf,application/pdf,35:02.4,1
538,34,Upload9,aadhar_card.pdf,application/pdf,38:08.9,1
539,34,Upload4,11zon_images_to_pdf.pdf,application/pdf,38:52.5,1
540,34,Upload7,11zon_merged_pdf_11zon.pdf,application/pdf,45:25.5,1
541,34,Upload10,voluntary_declaration_pdfswati.pdf,application/pdf,50:54.6,1
542,34,Upload5,sssss.pdf,application/pdf,52:18.8,1
543,34,Upload6,co0nflict.pdf,application/pdf,52:59.2,1
544,38,Upload7,brief_summary_of_project.pdf,application/pdf,05:42.1,1
545,38,Upload1,ameya_dravid_biodata_for_sunpharma.pdf,application/pdf,09:27.5,1
546,52,Applicant_Photograph,imgonline_com_ua_compresstosize_pb1sklijue.jpg,image/jpeg,31:01.4,1
547,52,CertifyingResearchWork_Letter,sun_pharma_project_letter.pdf,application/pdf,31:01.4,1
548,52,Justification_Letter,sun_pharma_justification_letter.pdf,application/pdf,31:01.4,1
549,51,Upload3,list_of_publications.pdf,application/pdf,40:39.6,1
550,51,Upload3,1_s20_s095656632100244x_main_compressed.pdf,application/pdf,41:41.7,1
551,51,Upload3,elife_67130_v2_compressed.pdf,application/pdf,41:55.4,1
552,51,Upload6,no_conflict_compressed.pdf,application/pdf,43:35.8,1
553,51,Upload5,ethical_clearance_compressed.pdf,application/pdf,45:09.8,1
554,51,Upload10,voluntary_declaration_.pdf,application/pdf,45:38.8,1
555,51,Upload1,manoj_cv.pdf,application/pdf,46:26.6,1
556,51,Upload4,awards_and_fellowships.pdf,application/pdf,09:17.0,1
557,44,Upload8,12th_marks_sheet_scanned_20211004_0752_compressed.pdf,application/pdf,44:15.0,1
558,53,Applicant_Photograph,photos_vat_jpg.jpg,image/jpeg,10:30.6,1
559,53,CertifyingResearchWork_Letter,pdf_1111111.docx.pdf,application/pdf,10:30.6,1
560,53,Justification_Letter,pdf_222222.pdf,application/pdf,10:30.6,1
561,44,Upload3,e2102560118_full_compressed.pdf,application/pdf,18:26.2,1
562,44,Upload3,6890_full_1_11zon_1.pdf,application/pdf,25:10.0,1
563,55,Applicant_Photograph,whatsapp_image_2021_07_29_at_11_21_41.jpeg,image/jpeg,07:30.4,1
564,55,CertifyingResearchWork_Letter,supervisor.pdf,application/pdf,07:30.4,1
565,55,Justification_Letter,justification_letter.pdf,application/pdf,07:30.4,1
566,51,Upload8,12th_marksheet.pdf,application/pdf,51:04.7,1
567,51,Upload9,10th_passing_certificate.pdf,application/pdf,51:16.9,1
568,51,Upload7,citation_compressed.pdf,application/pdf,01:32.8,1
569,51,Upload2,research_proposal.pdf,application/pdf,21:41.0,1
570,37,Upload10,declaration.doc,application/msword,36:01.4,1
571,37,Upload1,urbi_roy_cv.pdf,application/pdf,39:46.6,1
572,37,Upload9,dob_cer.pdf,application/pdf,41:56.2,1
573,37,Upload7,brief_citation_statement_compressed.pdf,application/pdf,47:39.6,1
574,37,Upload6,coi_statement_compressed.pdf,application/pdf,49:18.9,1
575,37,Upload5,ethical_clearance_compressed_1.pdf,application/pdf,51:28.3,1
576,37,Upload8,testimonials.pdf,application/pdf,54:22.9,1
577,37,Upload4,gate_score_card_compressed.pdf,application/pdf,58:39.2,1
578,37,Upload4,marks_csir_june_2016.pdf,application/pdf,58:52.6,1
579,37,Upload4,csir_certificate.pdf,application/pdf,15:51.9,1
580,56,Applicant_Photograph,photograph.jpg,image/jpeg,06:31.5,1
581,56,CertifyingResearchWork_Letter,letter_from_supervisor.pdf,application/pdf,06:31.5,1
582,56,Justification_Letter,nomination_from_supervisor.pdf,application/pdf,06:31.5,1
583,57,Applicant_Photograph,photograph.jpg,image/jpeg,13:59.8,1
584,57,CertifyingResearchWork_Letter,letter_from_supervisor.pdf,application/pdf,13:59.9,1
585,57,Justification_Letter,nomination_from_supervisor.pdf,application/pdf,14:00.0,1
586,37,Upload3,mirna_paper_compress_1.pdf,application/pdf,37:02.0,1
587,37,Upload3,t_all_compress.pdf,application/pdf,37:22.8,1
588,37,Upload2,ur2_research_work_18_10_21.pdf,application/pdf,49:01.2,1
589,58,Applicant_Photograph,photograph.jpg,image/jpeg,44:35.4,1
590,58,CertifyingResearchWork_Letter,letter_from_supervisor.pdf,application/pdf,44:35.4,1
591,58,Justification_Letter,nomination_from_supervisor.pdf,application/pdf,44:35.4,1
592,59,Applicant_Photograph,photos_vat_jpg.jpg,image/jpeg,48:20.5,1
593,59,CertifyingResearchWork_Letter,pdf_1111111.docx.pdf,application/pdf,48:20.5,1
594,59,Justification_Letter,pdf_222222.pdf,application/pdf,48:20.5,1
595,60,Applicant_Photograph,photograph.jpg,image/jpeg,14:20.2,1
596,60,CertifyingResearchWork_Letter,letter_from_supervisor.pdf,application/pdf,14:20.2,1
597,60,Justification_Letter,nomination_from_supervisor.pdf,application/pdf,14:20.2,1
598,55,Upload1,renjil_joshi_curriculum_vitae_1.docx,application/vnd.openxmlformats-officedocument.wordprocessingml.document,18:03.3,1
599,55,Upload9,renjil_joshi_converted_by_abcdpdf.pdf,application/pdf,42:44.5,1
600,55,Upload8,renjil_joshi_2_converted_by_abcdpdf.pdf,application/pdf,47:40.5,1
601,28,Upload1,pinal_chaudhari_cv.docx,application/vnd.openxmlformats-officedocument.wordprocessingml.document,46:00.3,1
607,28,Upload8,aggregate_marks_obtained_in_class_xii.docx,application/vnd.openxmlformats-officedocument.wordprocessingml.document,15:41.7,1
608,61,Applicant_Photograph,rfno_7355_nayanika_sengupta_35_45mm.jpg,image/jpeg,20:27.6,1
609,61,CertifyingResearchWork_Letter,certificate_from_supervisor_compressed.pdf,application/pdf,20:27.6,1
610,61,Justification_Letter,sun_pharma_recommendation_sd_compressed.pdf,application/pdf,20:27.6,1
611,28,Upload4,statement_of_merit.pdf,application/pdf,23:30.8,1
612,28,Upload5,ethical_clearance_statement.pdf,application/pdf,23:52.3,1
613,28,Upload7,research_summary.pdf,application/pdf,24:21.0,1
614,28,Upload9,age_proof_final.pdf,application/pdf,24:48.3,1
615,28,Upload10,declaration.pdf,application/pdf,28:06.9,1
616,28,Upload2,project_details_pinal.pdf,application/pdf,29:26.7,1
617,28,Upload3,list_of_publications.docx,application/vnd.openxmlformats-officedocument.wordprocessingml.document,31:23.5,1
618,28,Upload6,no_conflict_of_interest_compressed.pdf,application/pdf,39:15.8,1
619,28,Upload3,paper_1_final.pdf,application/pdf,41:49.7,1
620,28,Upload3,paper_2_final.pdf,application/pdf,42:03.7,1
621,61,Upload1,nayanika_sengupta_25_10_2021.pdf,application/pdf,52:46.9,1
622,61,Upload2,research_writeup_nayanika_sengupta.pdf,application/pdf,00:10.6,1
623,61,Upload5,ethical_clearance_nsg.docx,application/vnd.openxmlformats-officedocument.wordprocessingml.document,15:00.8,1
625,61,Upload6,no_conflict_of_interest_compressed.pdf,application/pdf,24:06.6,1
626,61,Upload7,certificate_from_supervisor_compressed.pdf,application/pdf,24:26.6,1
627,61,Upload8,aggregate_marks_masters_compressed_1.pdf,application/pdf,28:36.6,1
628,61,Upload9,nayanika_sengupta_passport_compressed.pdf,application/pdf,30:11.0,1
629,61,Upload10,voluntary_declaration_by_nsg.docx,application/vnd.openxmlformats-officedocument.wordprocessingml.document,31:13.6,1
630,61,Upload4,gate_scorecard_compressed.pdf,application/pdf,33:00.9,1
631,61,Upload4,csir_ugc_net_certificate.pdf,application/pdf,33:43.6,1
632,61,Upload4,mbu_in_house_symposium.pdf,application/pdf,34:31.1,1
633,61,Upload4,gcgeb.pdf,application/pdf,35:00.1,1
634,61,Upload3,journal_of_cell_biology_page1.pdf,application/pdf,38:23.3,1
635,61,Upload3,cellpress_structure_page1.pdf,application/pdf,40:17.2,1
636,47,Upload3,characterization_of_therapy_related_aml.pdf,application/pdf,27:17.4,1
637,47,Upload1,cv.docx,application/vnd.openxmlformats-officedocument.wordprocessingml.document,28:54.0,1
638,47,Upload2,sun_pharma_award_draft.docx,application/vnd.openxmlformats-officedocument.wordprocessingml.document,29:18.1,1
639,47,Upload3,smc1_paper_compressed.pdf,application/pdf,29:50.3,1
640,47,Upload4,award_letter_compressed.pdf,application/pdf,37:34.8,1
641,47,Upload4,jc_patel_award_compressed.pdf,application/pdf,39:28.9,1
642,47,Upload4,hematocon_certificate_compressed.pdf,application/pdf,39:43.0,1
643,47,Upload4,bcil.pdf,application/pdf,41:00.2,1
644,47,Upload4,csir_ls.pdf,application/pdf,42:29.3,1
645,47,Upload4,gate_score_compressed_file.pdf,application/pdf,44:47.4,1
646,47,Upload5,ec_p1.pdf,application/pdf,48:34.6,1
647,47,Upload5,ec_page_2.pdf,application/pdf,55:31.6,1
648,47,Upload5,ec_page_3.pdf,application/pdf,56:54.2,1
649,47,Upload6,spa_c3.pdf,application/pdf,58:00.3,1
650,47,Upload8,12th_marksheet.pdf,application/pdf,59:17.6,1
651,47,Upload9,dboj.pdf,application/pdf,00:59.2,1
652,43,Upload1,cv_divya.pdf,application/pdf,44:41.9,1
653,43,Upload2,details_of_the_research_work.pdf,application/pdf,48:15.9,1
654,43,Upload3,publications.pdf,application/pdf,48:32.3,1
655,43,Upload3,doc2b_and_emt.pdf,application/pdf,48:46.1,1
656,43,Upload3,molecular_landscape_of_recurrent_cc.pdf,application/pdf,49:06.8,1
657,43,Upload4,awards.pdf,application/pdf,49:38.8,1
658,43,Upload5,ethical_clearence.pdf,application/pdf,49:54.3,1
659,43,Upload7,citation.pdf,application/pdf,50:45.3,1
660,43,Upload8,marks.pdf,application/pdf,51:29.1,1
661,43,Upload8,sslc.pdf,application/pdf,00:20.5,1
662,43,Upload8,puc.pdf,application/pdf,00:34.7,1
663,43,Upload8,bsc.pdf,application/pdf,00:43.6,1
664,43,Upload8,msc.pdf,application/pdf,00:53.2,1
665,43,Upload9,age_proof.pdf,application/pdf,02:43.7,1
666,43,Upload10,declaration.pdf,application/pdf,03:00.1,1
667,43,Upload6,conflict_of_interest.pdf,application/pdf,06:17.4,1
668,62,Applicant_Photograph,arihant_photo.jpg,image/jpeg,15:33.2,1
669,62,CertifyingResearchWork_Letter,nominator_certificate_arihant.pdf,application/pdf,15:33.2,1
670,62,Justification_Letter,justification_letter_arihant.pdf,application/pdf,15:33.2,1
671,47,Upload7,brief_summary_of_work.docx,application/vnd.openxmlformats-officedocument.wordprocessingml.document,19:38.9,1
672,47,Upload10,certificate.docx,application/vnd.openxmlformats-officedocument.wordprocessingml.document,20:28.5,1
673,47,Upload8,btech_degree.pdf,application/pdf,23:52.1,1
674,47,Upload8,mtech_degree.pdf,application/pdf,24:03.7,1
675,47,Upload8,10th_marksheet.pdf,application/pdf,24:30.5,1
676,47,Upload8,transcript_of_college.pdf,application/pdf,24:44.5,1
677,63,Applicant_Photograph,scan_pic.jpg,image/jpeg,36:20.4,1
678,63,CertifyingResearchWork_Letter,spa_c2.pdf,application/pdf,36:20.4,1
679,63,Justification_Letter,spa_c1.pdf,application/pdf,36:20.4,1
680,64,Applicant_Photograph,photos_vat_jpg.jpg,image/jpeg,50:57.2,1
681,64,CertifyingResearchWork_Letter,pdf_1111111.docx.pdf,application/pdf,50:57.2,1
682,64,Justification_Letter,pdf_222222.pdf,application/pdf,50:57.2,1
683,65,Applicant_Photograph,scan_pic.jpg,image/jpeg,05:10.2,1
686,65,CertifyingResearchWork_Letter,certificate_for_work_done.pdf,application/pdf,07:00.2,1
687,65,Justification_Letter,justification_letter.pdf,application/pdf,07:00.2,1
688,66,Applicant_Photograph,photos_vat_jpg.jpg,image/jpeg,24:53.0,1
689,66,CertifyingResearchWork_Letter,pdf_1111111.docx.pdf,application/pdf,24:53.0,1
690,66,Justification_Letter,pdf_222222.pdf,application/pdf,24:53.0,1
691,62,Upload3,list_of_publications.pdf,application/pdf,29:56.1,1
692,62,Upload3,publication_1.pdf,application/pdf,36:11.9,1
693,62,Upload3,publication_2.pdf,application/pdf,38:33.3,1
694,67,Applicant_Photograph,img20211028144810.jpg,image/jpeg,48:26.9,1
695,67,CertifyingResearchWork_Letter,certificate.pdf,application/pdf,48:26.9,1
696,67,Justification_Letter,justification_letter.pdf,application/pdf,48:26.9,1
697,67,Upload1,cv.pdf,application/pdf,58:00.6,1
698,67,Upload2,research_work.pdf,application/pdf,06:44.6,1
699,67,Upload3,list_of_publications.pdf,application/pdf,11:19.7,1
700,67,Upload4,awards.pdf,application/pdf,12:48.2,1
701,67,Upload5,ethical_clearance.pdf,application/pdf,14:33.8,1
702,67,Upload6,conflict_of_interest.pdf,application/pdf,15:06.7,1
703,67,Upload8,aggregate_marks.pdf,application/pdf,15:51.7,1
704,67,Upload9,pan.pdf,application/pdf,27:44.5,1
705,67,Upload10,declaration.pdf,application/pdf,29:49.5,1
706,67,Upload7,research_summary.pdf,application/pdf,22:49.1,1
707,68,Applicant_Photograph,scan_pic.jpg,image/jpeg,59:21.1,1
708,68,CertifyingResearchWork_Letter,certificate_for_work_done.pdf,application/pdf,59:21.1,1
709,68,Justification_Letter,justification_letter.pdf,application/pdf,59:21.1,1
710,69,Applicant_Photograph,scan_pic.jpg,image/jpeg,33:22.4,1
711,69,CertifyingResearchWork_Letter,certificate_for_work_done.pdf,application/pdf,33:22.4,1
712,69,Justification_Letter,justification_letter.pdf,application/pdf,33:22.4,1
713,70,Applicant_Photograph,my_only_formal_pic.jpg,image/jpeg,34:55.5,1
714,70,CertifyingResearchWork_Letter,sun_pharma_award_letter.pdf,application/pdf,34:55.5,1
715,70,Justification_Letter,justification_letter_compressed.pdf,application/pdf,34:55.5,1
716,71,Applicant_Photograph,dhanisha.jpg,image/jpeg,41:07.8,1
717,71,CertifyingResearchWork_Letter,certificate.pdf,application/pdf,41:07.8,1
718,71,Justification_Letter,justification_letter.pdf,application/pdf,41:07.8,1
719,69,Upload1,cv.docx,application/vnd.openxmlformats-officedocument.wordprocessingml.document,46:07.8,1
720,69,Upload2,sun_pharma_award_draft.docx,application/vnd.openxmlformats-officedocument.wordprocessingml.document,47:06.4,1
721,69,Upload3,characterization_of_therapy_related_aml.pdf,application/pdf,47:26.0,1
723,69,Upload3,smc1_paper_compressed.pdf,application/pdf,48:49.5,1
724,69,Upload4,award_letter_compressed_copy.pdf,application/pdf,49:33.7,1
725,69,Upload4,jc_patel_award_compressed.pdf,application/pdf,49:55.3,1
726,69,Upload4,hematocon_certificate_compressed.pdf,application/pdf,50:08.4,1
727,69,Upload4,bcil.pdf,application/pdf,50:38.8,1
728,69,Upload5,ec_p1.pdf,application/pdf,51:09.2,1
729,69,Upload5,ec_p2_compressed_compressed_compressed_compressed.pdf,application/pdf,54:52.2,1
730,69,Upload5,ec_p3_compressed_compressed_compressed.pdf,application/pdf,55:50.7,1
731,69,Upload6,no_conflict_of_interest.pdf,application/pdf,56:43.6,1
732,69,Upload7,brief_summary_of_work.docx,application/vnd.openxmlformats-officedocument.wordprocessingml.document,56:59.8,1
733,69,Upload8,12th_marksheet.pdf,application/pdf,57:52.8,1
734,69,Upload8,10th_marksheet.pdf,application/pdf,58:05.3,1
735,69,Upload8,transcript_of_college.pdf,application/pdf,58:17.4,1
736,69,Upload8,btech_degree.pdf,application/pdf,58:33.4,1
737,69,Upload8,mtech_degree.pdf,application/pdf,58:44.7,1
738,69,Upload9,dboj.pdf,application/pdf,59:06.9,1
739,69,Upload10,undertaking_to_continue_reseach.docx,application/vnd.openxmlformats-officedocument.wordprocessingml.document,59:41.9,1
740,60,Upload1,sudhasini_cv.pdf,application/pdf,23:17.0,1
741,60,Upload2,sunpharm_research_project.pdf,application/pdf,23:42.9,1
742,60,Upload3,research_publications.pdf,application/pdf,24:38.1,1
743,72,Applicant_Photograph,dka028_1.jpg,image/jpeg,29:41.7,1
746,60,Upload3,sbmb_compressed.pdf,application/pdf,30:59.8,1
747,60,Upload3,scientific_report_paper_compressed.pdf,application/pdf,31:33.4,1
748,60,Upload4,statements_of_merits.pdf,application/pdf,31:59.6,1
749,72,CertifyingResearchWork_Letter,original_work_certificate.pdf,application/pdf,32:29.2,1
750,72,Justification_Letter,letter_of_justification.pdf,application/pdf,32:29.2,1
751,60,Upload5,ethical_clearance.pdf,application/pdf,35:15.8,1
752,60,Upload6,no_conflict_certificate.pdf,application/pdf,35:41.5,1
753,60,Upload7,research_citation.pdf,application/pdf,35:58.4,1
754,60,Upload8,12th_marksheet_compressed.pdf,application/pdf,37:26.4,1
755,60,Upload9,10th_marksheet_compressed.pdf,application/pdf,38:31.7,1
756,60,Upload10,voluntary_declaration.pdf,application/pdf,39:16.5,1
757,70,Upload1,cv_30_10_2021.pdf,application/pdf,52:23.5,1
759,70,Upload2,papers_merged_2_compressed.pdf,application/pdf,52:51.3,1
760,70,Upload3,list_of_publication_2_compressed.pdf,application/pdf,56:19.0,1
762,70,Upload4,achievements_3_compressed.pdf,application/pdf,03:05.5,1
763,70,Upload5,ethical_committee_approval_2_compressed_compressed_compressed.pdf,application/pdf,14:46.8,1
764,70,Upload6,no_conflict_of_interest.pdf,application/pdf,17:44.3,1
765,70,Upload7,citation_of_projects_compressed.pdf,application/pdf,19:00.7,1
766,70,Upload8,higher_secondary_marksheet_compressed_compressed.pdf,application/pdf,21:12.5,1
767,70,Upload9,birth_certificate_compressed.pdf,application/pdf,23:29.2,1
768,70,Upload10,declaration.pdf,application/pdf,23:43.5,1
769,55,Upload5,ec.pdf,application/pdf,37:34.1,1
770,55,Upload6,supervisor_1.pdf,application/pdf,39:55.7,1
771,55,Upload7,citation.pdf,application/pdf,40:15.5,1
772,55,Upload10,declaration.pdf,application/pdf,40:40.2,1
774,62,Upload5,certificate_of_ethical_clearance_of_animal_protocol.pdf,application/pdf,26:20.7,1
775,62,Upload7,summary.pdf,application/pdf,33:48.8,1
776,62,Upload6,non_conflict_of_interest.pdf,application/pdf,34:14.9,1
777,62,Upload4,list_of_awards.pdf,application/pdf,34:48.9,1
778,55,Upload2,paper.pdf,application/pdf,36:23.6,1
779,62,Upload8,12th_marksheet.pdf,application/pdf,47:32.1,1
780,55,Upload3,publication_details.pdf,application/pdf,49:30.0,1
781,55,Upload4,statement.pdf,application/pdf,49:51.8,1
782,62,Upload8,bachlor_of_pharmacy.pdf,application/pdf,56:01.4,1
783,62,Upload8,m_pharm.pdf,application/pdf,56:28.8,1
784,62,Upload10,declaration.pdf,application/pdf,49:56.3,1
785,62,Upload9,driving_license.pdf,application/pdf,57:14.7,1
786,62,Upload1,curriculum_vitae.pdf,application/pdf,21:27.5,1
787,62,Upload2,deatiled_thesis.pdf,application/pdf,44:55.1,1
788,73,Applicant_Photograph,9_photograph.jpg,image/jpeg,01:52.1,1
791,73,CertifyingResearchWork_Letter,prashant_project_certificate.pdf,application/pdf,03:02.9,1
792,73,Justification_Letter,prashant_reccomendation_letter.pdf,application/pdf,03:02.9,1
793,71,Upload5,ethical.pdf,application/pdf,27:04.8,1
794,71,Upload6,conflict_of_interest_statement.pdf,application/pdf,27:18.3,1
795,71,Upload7,citation.pdf,application/pdf,27:31.5,1
796,71,Upload10,declaration.pdf,application/pdf,27:58.8,1
797,71,Upload3,publications.pdf,application/pdf,42:43.0,1
798,71,Upload1,cv.pdf,application/pdf,51:47.2,1
799,71,Upload4,awards.docx,application/vnd.openxmlformats-officedocument.wordprocessingml.document,52:17.5,1
800,71,Upload8,plus_2_certificate.pdf,application/pdf,06:44.4,1
801,71,Upload9,10th_certificate.pdf,application/pdf,06:59.1,1
802,71,Upload2,research_work.pdf,application/pdf,14:15.7,1
803,72,Upload4,statement_of_merits_and_awards.pdf,application/pdf,33:14.8,1
804,72,Upload1,darshana_kapri_cv.pdf,application/pdf,38:04.4,1
805,72,Upload2,norepinephrine_regulates_mitochondrial_biogenesis.pdf,application/pdf,38:29.1,1
806,72,Upload3,list_of_publications.pdf,application/pdf,45:51.3,1
807,72,Upload3,febs_15738_compressed.pdf,application/pdf,49:25.1,1
808,72,Upload5,animal_ethics.pdf,application/pdf,50:44.8,1
809,72,Upload6,no_objection_1.pdf,application/pdf,51:54.6,1
810,72,Upload7,citation_on_the_research_work.pdf,application/pdf,55:00.9,1
811,72,Upload8,12_th_marksheet_1_compressed.pdf,application/pdf,00:58.2,1
812,72,Upload10,declaration_of_nominee1.pdf,application/pdf,02:20.8,1
813,72,Upload3,elife_56171_v2_compressed.pdf,application/pdf,14:12.0,1
814,72,Upload9,age_proof_1_compressed.pdf,application/pdf,16:01.3,1
815,52,Upload1,soham_jagtap_cv_biodata.pdf,application/pdf,21:57.4,1
816,52,Upload2,details_of_the_work_done.pdf,application/pdf,22:07.9,1
817,52,Upload3,publications.pdf,application/pdf,22:16.6,1
818,52,Upload4,awards_scholarships_compressed.pdf,application/pdf,22:26.4,1
819,52,Upload5,ic_scr_certificate_compressed_1.pdf,application/pdf,24:16.1,1
820,52,Upload6,no_conflict.pdf,application/pdf,24:32.0,1
821,52,Upload7,citation-compressed_1_1.pdf,application/pdf,24:57.0,1
822,52,Upload8,10_2_12th_hsc_marksheet_compressed_1.pdf,application/pdf,25:46.2,1
823,52,Upload9,soham_jagtap_aadhar_card_scanned.pdf,application/pdf,25:58.9,1
824,52,Upload10,declaration.pdf,application/pdf,26:07.9,1
825,74,Applicant_Photograph,picture.png,image/png,15:37.0,1
826,74,CertifyingResearchWork_Letter,recommendation.pdf,application/pdf,15:37.0,1
827,74,Justification_Letter,justification.pdf,application/pdf,15:37.1,1
829,73,Upload2,2_prashant_thesis_final.pdf,application/pdf,28:16.1,1
830,73,Upload3,3_list_of_publications.pdf,application/pdf,31:58.2,1
831,73,Upload3,prashant_giri_publication_1_compressed.pdf,application/pdf,34:53.8,1
832,73,Upload3,prashant_publication_2_compressed.pdf,application/pdf,35:13.7,1
833,73,Upload4,4_csir_net_certificate_prashant.pdf,application/pdf,35:50.9,1
834,73,Upload4,4_prashant_awardletter.pdf,application/pdf,36:34.7,1
836,73,Upload6,6_conflict_of_interest.pdf,application/pdf,39:11.5,1
837,73,Upload10,voluntary_certificate_workin_for_2_years.pdf,application/pdf,43:02.6,1
839,73,Upload8,hsc_marksheet.pdf,application/pdf,51:14.0,1
840,73,Upload9,7_age_proof.pdf,application/pdf,54:26.8,1
841,73,Upload7,9_summary.pdf,application/pdf,05:53.4,1
842,73,Upload1,1_prashant_biodata.pdf,application/pdf,08:07.7,1
843,73,Upload5,5_ethical_certificate.pdf,application/pdf,14:27.3,1
844,73,Upload8,aggregate_marks.pdf,application/pdf,17:39.6,1
